time_s,irrigation_mm_h,ec_drip,n_drip,p_drip,k_drip
26400.000000,0.000000000,0.000000000,0.006734702,0.005956880,0.007871579
52800.000000,0.000000000,0.793686609,0.006685432,0.005941014,0.007800799
79200.000000,0.000000000,0.799950202,0.006725676,0.005955349,0.007793163
105600.000000,0.000000000,0.799999632,0.006799252,0.005968210,0.007797768
132000.000000,0.000000000,0.800000022,0.006799823,0.005955987,0.007720015
158400.000000,0.000000000,0.800000026,0.006760600,0.005933488,0.007629541
184800.000000,0.000000000,0.800000026,0.006811718,0.005949755,0.007606095
211200.000000,0.000000000,0.800000026,0.006781466,0.005934684,0.007499323
237600.000000,0.000000000,0.800000026,0.006723325,0.005921935,0.007384852
264000.000000,0.000000000,0.800000026,0.006765440,0.005941169,0.007389591
290400.000000,0.000000000,0.800000026,0.006725763,0.005927421,0.007350474
316800.000000,0.000000000,0.800000026,0.006656105,0.005915792,0.007317702
343200.000000,0.000000000,0.800000026,0.006688331,0.005936604,0.007380836
369600.000000,0.000000000,0.800000026,0.006749086,0.005952071,0.007427243
396000.000000,0.000000000,0.800000026,0.006734494,0.005936642,0.007382016
422400.000000,0.000000000,0.800000026,0.006805740,0.005952099,0.007428112
448800.000000,0.000000000,0.800000026,0.006895848,0.005964902,0.007461995
475200.000000,0.000000000,0.800000026,0.006911800,0.005951437,0.007411129
501600.000000,0.000000000,0.800000026,0.006881563,0.005931785,0.007368516
528000.000000,0.000000000,0.800000026,0.006932774,0.005948489,0.007418188
554400.000000,0.000000000,0.800000026,0.006902794,0.005933613,0.007374430
580800.000000,0.000000000,0.800000026,0.006842108,0.005921030,0.007337772
607200.000000,0.000000000,0.800000026,0.006877158,0.005940496,0.007395588
633600.000000,0.000000000,0.800000026,0.006947347,0.005954963,0.007438088
660000.000000,0.000000000,0.800000026,0.006936282,0.005939089,0.007391102
686400.000000,0.000000000,0.800000026,0.007002504,0.005953918,0.007434789
712800.000000,0.000000000,0.800000026,0.007096363,0.005967231,0.007466903
739200.000000,0.000000000,0.800000026,0.007090293,0.005952974,0.007415241
765600.000000,0.000000000,0.800000026,0.007161044,0.005960831,0.007452534
792000.000000,0.000000000,0.800000026,0.007265528,0.005976432,0.007479948
818400.000000,0.000000000,0.800000026,0.007247412,0.005968338,0.007426169
844800.000000,0.000000000,0.800000026,0.007190618,0.005943584,0.007381116
871200.000000,0.000000000,0.800000026,0.007237064,0.005951512,0.007427450
897600.000000,0.000000000,0.800000026,0.007185854,0.005936169,0.007382189
924000.000000,0.000000000,0.800000026,0.007120090,0.005923192,0.007344272
950400.000000,0.000000000,0.800000026,0.007131045,0.005942104,0.007400366
976800.000000,0.000000000,0.800000026,0.007185785,0.005956158,0.007441601
1003200.000000,0.000000000,0.800000026,0.007164216,0.005940099,0.007394044
1029600.000000,0.000000000,0.800000026,0.007212714,0.005954669,0.007436952
1056000.000000,0.000000000,0.800000026,0.007285613,0.005967162,0.007468494
1082400.000000,0.000000000,0.800000026,0.007226426,0.005955510,0.007416574
1108800.000000,0.000000000,0.800000026,0.007168016,0.005933130,0.007373077
1135200.000000,0.000000000,0.800000026,0.007203992,0.005949490,0.007421541
1161600.000000,0.000000000,0.800000026,0.007158937,0.005934459,0.007377239
1188000.000000,0.000000000,0.800000026,0.007083259,0.005921745,0.007340125
1214400.000000,0.000000000,0.800000026,0.007094621,0.005941028,0.007397318
1240800.000000,0.000000000,0.800000026,0.007031968,0.005927301,0.007356947
1267200.000000,0.000000000,0.800000026,0.006951142,0.005915691,0.007323125
1293600.000000,0.000000000,0.800000026,0.006950931,0.005936529,0.007384822
1320000.000000,0.000000000,0.800000026,0.006997375,0.005952015,0.007430174
1346400.000000,0.000000000,0.800000026,0.006968783,0.005936595,0.007384472
1372800.000000,0.000000000,0.800000026,0.007021856,0.005952064,0.007429916
1399200.000000,0.000000000,0.800000026,0.007093377,0.005965158,0.007463322
1425600.000000,0.000000000,0.800000026,0.007073510,0.005950201,0.007412240
1452000.000000,0.000000000,0.800000026,0.007026823,0.005931774,0.007369448
1478400.000000,0.000000000,0.800000026,0.007072321,0.005948481,0.007418873
1504800.000000,0.000000000,0.800000026,0.007031382,0.005933606,0.007375003
1531200.000000,0.000000000,0.800000026,0.006964782,0.005921023,0.007338253
1557600.000000,0.000000000,0.800000026,0.006992216,0.005940492,0.007395942
1584000.000000,0.000000000,0.800000026,0.007046863,0.005954960,0.007438347
1610400.000000,0.000000000,0.826474904,0.007257301,0.006144780,0.007650279
1636800.000000,0.000000000,0.801365830,0.007088807,0.005961066,0.007441771
1663200.000000,0.000000000,0.801167675,0.007157103,0.005973744,0.007474838
1689600.000000,0.000000000,0.801166111,0.007140985,0.005958660,0.007423580
1716000.000000,0.000000000,0.800240333,0.007195196,0.005961565,0.007452773
1742400.000000,0.000000000,0.800233027,0.007274080,0.005974698,0.007480683
1768800.000000,0.000000000,0.800232969,0.010163164,0.008501622,0.010895696
1795200.000000,0.000000000,1.097634224,0.010018902,0.008588066,0.010937224
1821600.000000,0.000000000,1.099981246,0.010001881,0.008692626,0.011066360
1848000.000000,0.000000000,1.099999768,0.009883772,0.008727854,0.011023493
1874400.000000,0.000000000,1.100000052,0.009784820,0.008700521,0.010904590
1900800.000000,0.000000000,1.099999927,0.009829997,0.008709638,0.010896309
1927200.000000,0.000000000,1.099999926,0.009863146,0.008716397,0.010909424
1953600.000000,0.000000000,1.099999885,0.009765184,0.008675762,0.010792418
1980000.000000,0.000000000,1.100000084,0.009812397,0.008673860,0.010776009
2006400.000000,0.000000000,1.100000086,0.008252028,0.007240380,0.008955445
2032800.000000,0.000000000,1.100000086,0.008348657,0.007366111,0.009049423
2059200.000000,0.000000000,0.952955409,0.008440416,0.007472149,0.009108446
2085600.000000,0.000000000,0.951794966,0.008661850,0.007622381,0.009311712
2112000.000000,0.000000000,0.951785808,0.008764292,0.007731306,0.009385472
2138400.000000,0.000000000,1.008787074,0.008817322,0.007816571,0.009418989
2164800.000000,0.000000000,1.009236915,0.009000094,0.007942556,0.009590773
2191200.000000,0.000000000,1.009240465,0.009049626,0.008016147,0.009685145
2217600.000000,0.000000000,1.057978684,0.009012006,0.008035772,0.009772860
2244000.000000,0.000000000,1.071386827,0.009108903,0.008095348,0.009992352
2270400.000000,0.000000000,1.071492641,0.009242355,0.008160408,0.010164727
2296800.000000,0.000000000,1.090923950,0.009231665,0.008177013,0.010168261
2323200.000000,0.000000000,1.096890364,0.009313867,0.008231250,0.010291462
2349600.000000,0.000000000,1.096937449,0.009413034,0.008271092,0.010366753
2376000.000000,0.000000000,1.096937821,0.009366489,0.008241870,0.010280798
2402400.000000,0.000000000,1.099975901,0.009256075,0.008215674,0.010206926
2428800.000000,0.000000000,1.099999877,0.009274079,0.008243537,0.010284556
2455200.000000,0.000000000,1.100000066,0.009169501,0.008217084,0.010210073
2481600.000000,0.000000000,1.100000068,0.009012008,0.008194709,0.010147676
2508000.000000,0.000000000,1.100000068,0.009020127,0.008227980,0.010241068
2534400.000000,0.000000000,1.100000068,0.009094072,0.008252669,0.010309616
2560800.000000,0.000000000,1.100000068,0.009017254,0.008224809,0.010231067
2587200.000000,0.000000000,1.100000068,0.009093452,0.008250316,0.010302276
2613600.000000,0.000000000,1.100000068,0.009174602,0.008269246,0.010354541
2640000.000000,0.000000000,1.100000068,0.009121991,0.008238830,0.010268703
2666400.000000,0.000000000,1.100000068,0.009179677,0.008260721,0.010329900
2692800.000000,0.000000000,1.100000068,0.009265029,0.008277619,0.010374817
2719200.000000,0.000000000,1.100000068,0.009212641,0.008245355,0.010285689
2745600.000000,0.000000000,1.100000068,0.009121493,0.008218622,0.010211024
2772000.000000,0.000000000,1.100000068,0.009155427,0.008245725,0.010287563
2798400.000000,0.000000000,1.100000068,0.009068300,0.008218935,0.010212593
2824800.000000,0.000000000,1.100000068,0.008942467,0.008196274,0.010149787
2851200.000000,0.000000000,1.100000068,0.009034527,0.008229141,0.010242617
2877600.000000,0.000000000,1.100000068,0.009106505,0.008253532,0.010310752
2904000.000000,0.000000000,1.100000068,0.009037692,0.008225538,0.010232020
2930400.000000,0.000000000,1.100000068,0.009100718,0.008250857,0.010302975
2956800.000000,0.000000000,1.100000068,0.009177916,0.008269647,0.010355054
2983200.000000,0.000000000,1.100000068,0.009131918,0.008239169,0.010269134
3009600.000000,0.000000000,1.100000068,0.009037240,0.008213389,0.010197154
3036000.000000,0.000000000,1.100000068,0.009070563,0.008241842,0.010277384
3062400.000000,0.000000000,1.100000068,0.008999730,0.008215650,0.010204065
3088800.000000,0.000000000,1.100000068,0.008940391,0.008193496,0.010142642
3115200.000000,0.000000000,1.100000068,0.009033003,0.008227080,0.010237373
3141600.000000,0.000000000,1.100000068,0.008968265,0.008203164,0.010170546
3168000.000000,0.000000000,1.100000068,0.008914030,0.008182934,0.010114562
3194400.000000,0.000000000,1.100000068,0.009013655,0.008219242,0.010216763
3220800.000000,0.000000000,1.100000068,0.009088720,0.008246185,0.010291776
3247200.000000,0.000000000,1.100000068,0.009013285,0.008219324,0.010216122
3273600.000000,0.000000000,1.100000068,0.009088807,0.008246247,0.010291306
3300000.000000,0.000000000,1.100000068,0.009167208,0.008266225,0.010346489
3326400.000000,0.000000000,1.100000068,0.009123920,0.008236274,0.010261958
3352800.000000,0.000000000,1.100000068,0.009016698,0.008210941,0.010191143
3379200.000000,0.000000000,1.100000068,0.009067416,0.008240025,0.010272972
3405600.000000,0.000000000,1.100000068,0.008997094,0.008214114,0.010200368
3432000.000000,0.000000000,1.100000068,0.008938183,0.008192196,0.010139546
3458400.000000,0.000000000,1.100000068,0.009031382,0.008226115,0.010235100
3484800.000000,0.000000000,1.100000068,0.009104604,0.008251286,0.010305235
3511200.000000,0.000000000,1.100000068,0.009037584,0.008223639,0.010227398
3537600.000000,0.000000000,1.100000068,0.009097387,0.008249448,0.010299582
3564000.000000,0.000000000,1.100000068,0.009187941,0.008268601,0.010352564
3590400.000000,0.000000000,1.100000068,0.009143135,0.008238285,0.010267048
3616800.000000,0.000000000,1.100000068,0.009203104,0.008260316,0.010328684
3643200.000000,0.000000000,1.100000068,0.009311295,0.008277406,0.010373924
3669600.000000,0.000000000,1.100000068,0.009285606,0.008245101,0.010284942
3696000.000000,0.000000000,1.100000068,0.009193552,0.008218407,0.010210397
3722400.000000,0.000000000,1.100000068,0.009204828,0.008245566,0.010287104
3748800.000000,0.000000000,1.100000068,0.009115754,0.008218800,0.010212208
3775200.000000,0.000000000,1.100000068,0.008987886,0.008196159,0.010149464
3801600.000000,0.000000000,1.100000068,0.009031736,0.008229056,0.010242381
3828000.000000,0.000000000,1.100000068,0.009106205,0.008253469,0.010310579
3854400.000000,0.000000000,1.100000068,0.009030693,0.008225484,0.010231874
3880800.000000,0.000000000,1.102039081,0.009115377,0.008266233,0.010322118
3907200.000000,0.000000000,1.102055172,0.009189724,0.008284982,0.010374081
3933600.000000,0.000000000,1.102055299,0.009134146,0.008254465,0.010288052
3960000.000000,0.000000000,1.102055300,0.009037421,0.008228652,0.010215981
3986400.000000,0.000000000,1.102055300,0.009087142,0.008257086,0.010296158
4012800.000000,0.000000000,1.102055300,0.009002780,0.008218584,0.010207514
4039200.000000,0.000000000,1.100423482,0.008943468,0.008196442,0.010146127
4065600.000000,0.000000000,1.100410604,0.009036131,0.008230048,0.010240918
4092000.000000,0.000000000,1.100410502,0.009184198,0.008397553,0.010415550
4118400.000000,0.000000000,1.139474645,0.009251866,0.008488539,0.010500932
4144800.000000,0.000000000,1.125122730,0.009219556,0.008408387,0.010451533
4171200.000000,0.000000000,1.125009467,0.009081483,0.008245271,0.010285172
4197600.000000,0.000000000,1.100604631,0.009008993,0.008219015,0.010211185
4224000.000000,0.000000000,1.100412033,0.009085352,0.008246799,0.010288672
4250400.000000,0.000000000,1.100410513,0.009168388,0.008279776,0.010361013
4276800.000000,0.000000000,1.100410501,0.009102612,0.008250062,0.010277104
4303200.000000,0.000000000,1.102042320,0.009003195,0.008224928,0.010206809
4329600.000000,0.000000000,1.102055198,0.009069334,0.008242001,0.010274068
4356000.000000,0.000000000,1.102055299,0.012742024,0.011393334,0.014783361
4382400.000000,0.000000000,1.496859519,0.012666506,0.011337710,0.014739024
4408800.000000,0.000000000,1.499975322,0.012717258,0.011337054,0.014822873
4435200.000000,0.000000000,1.499999911,0.012776347,0.011343114,0.014905340
4461600.000000,0.000000000,1.499999998,0.012648444,0.011292839,0.014777485
4488000.000000,0.000000000,1.499999987,0.012666958,0.011310387,0.014809303
4514400.000000,0.000000000,1.499999987,0.012701298,0.011323396,0.014843295
4540800.000000,0.000000000,1.500000089,0.012562623,0.011276189,0.014685891
4567200.000000,0.000000000,1.499999936,0.012554165,0.011298094,0.014689073
4593600.000000,0.000000000,1.499999934,0.012573259,0.011314330,0.014707781
4620000.000000,0.000000000,1.499999934,0.012429360,0.011268540,0.014526860
4646400.000000,0.000000000,1.500000028,0.012281746,0.011229825,0.014304983
4672800.000000,0.000000000,1.500000028,0.012376597,0.011263819,0.014265600
4699200.000000,0.000000000,1.500000028,0.012276366,0.011225839,0.014005344
4725600.000000,0.000000000,1.500000013,0.012192414,0.011193721,0.013900359
4752000.000000,0.000000000,1.310392727,0.010669944,0.009760878,0.012183807
4778400.000000,0.000000000,1.308896390,0.010917062,0.009924865,0.012469947
4804800.000000,0.000000000,1.338487958,0.010955270,0.010004625,0.012508947
4831200.000000,0.000000000,1.351204344,0.011164574,0.010140062,0.012751738
4857600.000000,0.000000000,1.351304699,0.011329092,0.010249914,0.012941576
4884000.000000,0.000000000,1.351305491,0.011297154,0.010277170,0.012900921
4910400.000000,0.000000000,1.376151543,0.011260154,0.010290540,0.012854665
4936800.000000,0.000000000,1.376347622,0.011388442,0.010352347,0.013005594
4963200.000000,0.000000000,1.376349169,0.011300957,0.010322076,0.012901946
4989600.000000,0.000000000,1.379971262,0.011224226,0.010293377,0.012811216
5016000.000000,0.000000000,1.379999846,0.011342660,0.010336952,0.012951720
5042400.000000,0.000000000,1.380000072,0.011259161,0.010305959,0.012852915
5068800.000000,0.000000000,1.380000074,0.011189211,0.010279746,0.012770140
5095200.000000,0.000000000,1.380000074,0.011317008,0.010326854,0.012921628
5121600.000000,0.000000000,1.380000074,0.011410631,0.010361748,0.013032608
5148000.000000,0.000000000,1.380000074,0.011316105,0.010326934,0.012920678
5174400.000000,0.000000000,1.380000074,0.011409969,0.010361807,0.013031911
5200800.000000,0.000000000,1.380000074,0.011478734,0.010387638,0.013113401
5227200.000000,0.000000000,1.380000074,0.011373159,0.010348833,0.012988362
5253600.000000,0.000000000,1.380000074,0.011284713,0.010316010,0.012883611
5280000.000000,0.000000000,1.380000074,0.011386971,0.010353715,0.013004757
5306400.000000,0.000000000,1.380000074,0.011296284,0.010320140,0.012897346
5332800.000000,0.000000000,1.380000074,0.011220311,0.010291740,0.012807363
5359200.000000,0.000000000,1.380000074,0.011339791,0.010335738,0.012948897
5385600.000000,0.000000000,1.380000074,0.011427322,0.010368328,0.013052585
5412000.000000,0.000000000,1.380000074,0.011330088,0.010332500,0.012937414
5438400.000000,0.000000000,1.380000074,0.011420214,0.010365930,0.013044172
5464800.000000,0.000000000,1.380000074,0.011487537,0.010390691,0.013122384
5491200.000000,0.000000000,1.380000074,0.011379426,0.010351416,0.012995887
5517600.000000,0.000000000,1.380000074,0.011456358,0.010379941,0.013087010
5544000.000000,0.000000000,1.380000074,0.011518236,0.010401069,0.013158174
5570400.000000,0.000000000,1.380000074,0.011407424,0.010360194,0.013022109
5596800.000000,0.000000000,1.380000074,0.011308400,0.010325619,0.012911883
5623200.000000,0.000000000,1.380000074,0.011404324,0.010360834,0.013025469
5649600.000000,0.000000000,1.380000074,0.011310822,0.010326161,0.012914697
5676000.000000,0.000000000,1.380000074,0.011232490,0.010296832,0.012821898
5702400.000000,0.000000000,1.380000074,0.011348714,0.010339511,0.012959546
5728800.000000,0.000000000,1.380000074,0.011433859,0.010371123,0.013060386
5755200.000000,0.000000000,1.380000074,0.011335564,0.010334863,0.012943949
5781600.000000,0.000000000,1.380000074,0.011424225,0.010367681,0.013048961
5808000.000000,0.000000000,1.380000074,0.011491075,0.010391988,0.013125891
5834400.000000,0.000000000,1.380000074,0.011381878,0.010352512,0.012998826
5860800.000000,0.000000000,1.380000074,0.011292017,0.010319122,0.012892377
5887200.000000,0.000000000,1.380000074,0.011392323,0.010356021,0.013011178
5913600.000000,0.000000000,1.380000074,0.011300767,0.010322089,0.012902725
5940000.000000,0.000000000,1.380000074,0.011224067,0.010293389,0.012811869
5966400.000000,0.000000000,1.380000074,0.011342542,0.010336960,0.012952199
5992800.000000,0.000000000,1.380000074,0.011259064,0.010305967,0.012853315
6019200.000000,0.000000000,1.380000074,0.011189130,0.010279751,0.012770476
6045600.000000,0.000000000,1.380000074,0.011316947,0.010326859,0.012921874
6072000.000000,0.000000000,1.380000074,0.011410587,0.010361751,0.013032787
6098400.000000,0.000000000,1.380000074,0.011316068,0.010326937,0.012920829
6124800.000000,0.000000000,1.380000074,0.011409943,0.010361810,0.013032022
6151200.000000,0.000000000,1.380000074,0.011478715,0.010387639,0.013113482
6177600.000000,0.000000000,1.380000074,0.011373142,0.010348835,0.012988431
6204000.000000,0.000000000,1.380000074,0.011284698,0.010316011,0.012883669
6230400.000000,0.000000000,1.380000074,0.011386961,0.010353716,0.013004799
6256800.000000,0.000000000,1.380000074,0.011296276,0.010320140,0.012897381
6283200.000000,0.000000000,1.380000074,0.011220303,0.010291740,0.012807392
6309600.000000,0.000000000,1.380000074,0.011339786,0.010335739,0.012948918
6336000.000000,0.000000000,1.380000074,0.011427318,0.010368329,0.013052600
6362400.000000,0.000000000,1.380000074,0.011330084,0.010332501,0.012937426
6388800.000000,0.000000000,1.380000074,0.011420211,0.010365930,0.013044182
6415200.000000,0.000000000,1.380000074,0.011488351,0.010390691,0.013122390
6441600.000000,0.000000000,1.380000074,0.011379411,0.010351416,0.012995893
6468000.000000,0.000000000,1.380000074,0.011456347,0.010379941,0.013087014
6494400.000000,0.000000000,1.380000074,0.011552935,0.010432648,0.013198127
6520800.000000,0.000000000,1.380000074,0.007692927,0.007253204,0.008968749
6547200.000000,0.000000000,1.002998863,0.007717122,0.007264889,0.008969702
6573600.000000,0.000000000,1.000023656,0.007898963,0.007334388,0.009164738
6600000.000000,0.000000000,1.000000176,0.007889729,0.007333559,0.009133892
6626400.000000,0.000000000,0.999999991,0.007881993,0.007332856,0.009108050
6652800.000000,0.000000000,0.999999989,0.008020054,0.007384859,0.009266350
6679200.000000,0.000000000,0.999999989,0.008121456,0.007423475,0.009382615
6705600.000000,0.000000000,0.999999989,0.008076122,0.007408912,0.009316418
6732000.000000,0.000000000,0.999999989,0.008162635,0.007441335,0.009419389
6758400.000000,0.000000000,0.999999989,0.009939715,0.009005452,0.011442421
6784800.000000,0.000000000,0.999999989,0.009582783,0.008733817,0.011047322
6811200.000000,0.000000000,1.136060622,0.009242773,0.008465665,0.010620661
6837600.000000,0.000000000,1.137134381,0.009044567,0.008248709,0.010405745
6864000.000000,0.000000000,1.137142855,0.008717966,0.007988774,0.010024608
6890400.000000,0.000000000,1.045940328,0.008414204,0.007741777,0.009671138
6916800.000000,0.000000000,1.045220579,0.008264751,0.007557033,0.009514318
6943200.000000,0.000000000,1.045214899,0.007991065,0.007337412,0.009194403
6969600.000000,0.000000000,0.967234018,0.007749575,0.007140648,0.008912552
6996000.000000,0.000000000,0.945781305,0.007670935,0.007015525,0.008837435
7022400.000000,0.000000000,0.945612005,0.007597371,0.006908348,0.008769921
7048800.000000,0.000000000,0.914521762,0.007428741,0.006785703,0.008577155
7075200.000000,0.000000000,0.904975434,0.007428697,0.006740802,0.008576501
7101600.000000,0.000000000,0.904900097,0.007467067,0.006726715,0.008634571
7128000.000000,0.000000000,0.904899502,0.007430297,0.006704446,0.008590728
7154400.000000,0.000000000,0.900038670,0.007382536,0.006687574,0.008543682
7180800.000000,0.000000000,0.900000309,0.007443015,0.006712837,0.008634709
7207200.000000,0.000000000,0.900000006,0.007397641,0.006694673,0.008589711
7233600.000000,0.000000000,0.900000004,0.007325284,0.006679307,0.008519591
7260000.000000,0.000000000,0.900000004,0.007392437,0.006706697,0.008613594
7286400.000000,0.000000000,0.900000004,0.007471964,0.006727040,0.008718908
7312800.000000,0.000000000,0.900000004,0.007446122,0.006706686,0.008691719
7339200.000000,0.000000000,0.900000004,0.007524509,0.006727031,0.008801920
7365600.000000,0.000000000,0.900000004,0.007619083,0.006744717,0.008911129
7392000.000000,0.000000000,0.900000004,0.007623761,0.006728156,0.008912710
7418400.000000,0.000000000,0.900000004,0.007710349,0.006740100,0.009029087
7444800.000000,0.000000000,0.900000004,0.007816100,0.006762412,0.009144680
7471200.000000,0.000000000,0.900000004,0.007794654,0.006745984,0.009113922
7497600.000000,0.000000000,0.900000004,0.007766387,0.006716555,0.009032296
7524000.000000,0.000000000,0.900000004,0.007836418,0.006725704,0.009110058
7550400.000000,0.000000000,0.900000004,0.007796766,0.006705556,0.009029059
7576800.000000,0.000000000,0.900000004,0.007726848,0.006688513,0.008950218
7603200.000000,0.000000000,0.900000004,0.007771295,0.006713535,0.009026242
7629600.000000,0.000000000,0.900000004,0.007846803,0.006732662,0.009129437
7656000.000000,0.000000000,0.900000004,0.007813902,0.006710977,0.009045295
7682400.000000,0.000000000,0.900000004,0.007880612,0.006730379,0.009119605
7708800.000000,0.000000000,0.900000004,0.007957778,0.006747309,0.009174195
7735200.000000,0.000000000,0.900000004,0.007946924,0.006733870,0.009082790
7761600.000000,0.000000000,0.900000004,0.007891717,0.006701857,0.009002789
7788000.000000,0.000000000,0.900000004,0.007949933,0.006723445,0.009087064
7814400.000000,0.000000000,0.900000004,0.007896662,0.006703645,0.009011174
7840800.000000,0.000000000,0.900000004,0.007820422,0.006686897,0.008933298
7867200.000000,0.000000000,0.900000004,0.007852984,0.006712334,0.008999708
7893600.000000,0.000000000,0.900000004,0.007783023,0.006694247,0.008934381
7920000.000000,0.000000000,0.900000004,0.007681922,0.006678948,0.008837952
7946400.000000,0.000000000,0.900000004,0.007740106,0.006706430,0.008925666
7972800.000000,0.000000000,0.900000004,0.007800543,0.006726842,0.009017290
7999200.000000,0.000000000,0.900000004,0.007754590,0.006706519,0.008972814
8025600.000000,0.000000000,0.900000004,0.007811217,0.006726907,0.009066588
8052000.000000,0.000000000,0.900000004,0.007893555,0.006744604,0.009166870
8078400.000000,0.000000000,0.900000004,0.007867929,0.006726404,0.009076654
8104800.000000,0.000000000,0.900000004,0.007812876,0.006700140,0.008997645
8131200.000000,0.000000000,0.900000004,0.007864095,0.006722169,0.009079153
8157600.000000,0.000000000,0.900000004,0.007806046,0.006702566,0.009007703
8184000.000000,0.000000000,0.900000004,0.007720207,0.006685984,0.008920752
8210400.000000,0.000000000,0.900000004,0.007758984,0.006711657,0.008997672
8236800.000000,0.000000000,0.900000004,0.007824384,0.006730962,0.009092338
8263200.000000,0.000000000,0.900000004,0.007786762,0.006709800,0.009038902
8289600.000000,0.000000000,0.900000004,0.007853947,0.006729344,0.009114910
8316000.000000,0.000000000,0.900000004,0.007933841,0.006747428,0.009170745
8342400.000000,0.000000000,0.900000004,0.007901034,0.006729615,0.009079900
8368800.000000,0.000000000,0.900000004,0.007980393,0.006741429,0.009145027
8395200.000000,0.000000000,0.900000004,0.008071218,0.006763490,0.009192869
8421600.000000,0.000000000,0.900000004,0.008084893,0.006758460,0.009098434
8448000.000000,0.000000000,0.900000004,0.008029984,0.006727461,0.009017806
8474400.000000,0.000000000,0.900000004,0.008068558,0.006725981,0.009100550
8500800.000000,0.000000000,0.900000004,0.008017802,0.006705791,0.009020252
8527200.000000,0.000000000,0.900000004,0.007933496,0.006688712,0.008943729
8553600.000000,0.000000000,0.900000004,0.007975239,0.006713682,0.009022284
8580000.000000,0.000000000,0.900000004,0.008035483,0.006732782,0.009120690
8606400.000000,0.000000000,0.900000004,0.007987701,0.006711069,0.009042350
8632800.000000,0.000000000,0.900000004,0.008045345,0.006730428,0.009117443
8659200.000000,0.000000000,0.900000004,0.008124580,0.006748273,0.009172606
8685600.000000,0.000000000,0.900000004,0.008094450,0.006745505,0.009098421
8712000.000000,0.000000000,0.901667726,0.008020493,0.006714412,0.009017737
8738400.000000,0.000000000,0.901680888,0.008064097,0.006735959,0.009103107
8764800.000000,0.000000000,0.901680991,0.008000017,0.006716129,0.009026292
8791200.000000,0.000000000,0.901680992,0.007900046,0.006699356,0.008945043
8817600.000000,0.000000000,0.901680992,0.007997613,0.006781862,0.009089906
8844000.000000,0.000000000,0.901680992,0.008058435,0.006891005,0.009186525
8870400.000000,0.000000000,0.936035139,0.008046014,0.006957223,0.009193837
8896800.000000,0.000000000,0.923678301,0.007933793,0.006884818,0.009111393
8923200.000000,0.000000000,0.923580784,0.007791351,0.006735368,0.008983534
8949600.000000,0.000000000,0.901853820,0.007743413,0.006715628,0.008941172
8976000.000000,0.000000000,0.900347681,0.007782940,0.006726812,0.009019473
9002400.000000,0.000000000,0.900335795,0.007878900,0.006745773,0.009152678
9028800.000000,0.000000000,0.900335701,0.007867806,0.006730426,0.009077415
9055200.000000,0.000000000,0.900335700,0.007805237,0.006701218,0.008998696
9081600.000000,0.000000000,0.900335700,0.007869216,0.006733653,0.009094144
9108000.000000,0.000000000,0.900335700,0.007807525,0.006714179,0.009022408
9134400.000000,0.000000000,0.900335700,0.007710199,0.006687713,0.008925843
9160800.000000,0.000000000,0.909853692,0.007843311,0.006787296,0.009103994
9187200.000000,0.000000000,0.909928806,0.007825979,0.006732290,0.009104140
9213600.000000,0.000000000,0.900411407,0.007792292,0.006711473,0.009040115
9240000.000000,0.000000000,0.911024389,0.007949714,0.006814400,0.009222508
9266400.000000,0.000000000,0.911108144,0.007960693,0.006757985,0.009184961
9292800.000000,0.000000000,0.901755389,0.007926407,0.006739681,0.009094420
9319200.000000,0.000000000,0.911673474,0.008087243,0.006828856,0.009258421
9345600.000000,0.000000000,0.911751746,0.008092309,0.006763853,0.009192990
9372000.000000,0.000000000,0.911752363,0.008068656,0.006750417,0.009099057
9398400.000000,0.000000000,0.900425798,0.008016988,0.006721143,0.009018762
9424800.000000,0.000000000,0.900336411,0.008164229,0.006812798,0.009210672
9451200.000000,0.000000000,0.900335706,0.008239477,0.006914675,0.009285935
9477600.000000,0.000000000,0.938760750,0.008233305,0.006987893,0.009309856
9504000.000000,0.000000000,0.927178514,0.008163709,0.006918337,0.009263998
