TagName,Address,DataType,Bytes,Bit
EC_Set_SP,DB1.DBD0,real,4,
pH_Set_SP,DB1.DBD4,real,4,
EC_Actual,DB1.DBD8,real,4,
pH_Actual,DB1.DBD12,real,4,
SAC_Enable,DB1.DBX16.0,bool,1,
Remote_Heartbeat,DB1.DBW18,int,2,
Remote_Comms_OK,DB1.DBX20.0,bool,1,
Watchdog_Timer,DB1.DBW22,int,2,
q_f_cmd,DB1.DBD24,real,4,
q_a_cmd,DB1.DBD28,real,4,
Valve_F_Actual,DB1.DBD32,real,4,
Valve_A_Actual,DB1.DBD36,real,4,
AQ_Valve_F_Raw,DB1.DBW40,int,2,
AQ_Valve_A_Raw,DB1.DBW42,int,2,
System_Alarm_Light,DB1.DBX44.0,bool,1,
q_f_raw,DB1.DBD50,real,4,
q_a_raw,DB1.DBD54,real,4,
q_f_limited,DB1.DBX58.0,bool,1,0
q_a_limited,DB1.DBX58.1,bool,1,1
Growth_Stage,DB1.DBW106,int,2,
Stage_EC_SP,DB1.DBD108,real,4,
Stage_pH_SP,DB1.DBD112,real,4,
Active_EC_SP,DB1.DBD116,real,4,
Active_pH_SP,DB1.DBD120,real,4,
Setpoint_Protection_Active,DB1.DBX124.0,bool,1,0
Stage_Auto_SP_Enable,DB1.DBX124.1,bool,1,1
Kp_EC_Set,DB1.DBD126,real,4,
Ki_EC_Set,DB1.DBD130,real,4,
Kd_EC_Set,DB1.DBD134,real,4,
Kp_pH_Set,DB1.DBD138,real,4,
Ki_pH_Set,DB1.DBD142,real,4,
Kd_pH_Set,DB1.DBD146,real,4,
N_Enable,DB1.DBD150,real,4,
N_Ratio,DB1.DBD154,real,4,
N_Target,DB1.DBD158,real,4,
N_Actual,DB1.DBD162,real,4,
Kp_N_Set,DB1.DBD166,real,4,
Ki_N_Set,DB1.DBD170,real,4,
Kd_N_Set,DB1.DBD174,real,4,
N_Max,DB1.DBD178,real,4,
q_n_cmd,DB1.DBD182,real,4,
AQ_Valve_N_Raw,DB1.DBW186,int,2,
P_Enable,DB1.DBD190,real,4,
P_Ratio,DB1.DBD194,real,4,
P_Target,DB1.DBD198,real,4,
P_Actual,DB1.DBD202,real,4,
Kp_P_Set,DB1.DBD206,real,4,
Ki_P_Set,DB1.DBD210,real,4,
Kd_P_Set,DB1.DBD214,real,4,
P_Max,DB1.DBD218,real,4,
q_p_cmd,DB1.DBD222,real,4,
AQ_Valve_P_Raw,DB1.DBW226,int,2,
K_Enable,DB1.DBD230,real,4,
K_Ratio,DB1.DBD234,real,4,
K_Target,DB1.DBD238,real,4,
K_Actual,DB1.DBD242,real,4,
Kp_K_Set,DB1.DBD246,real,4,
Ki_K_Set,DB1.DBD250,real,4,
Kd_K_Set,DB1.DBD254,real,4,
K_Max,DB1.DBD258,real,4,
q_k_cmd,DB1.DBD262,real,4,
AQ_Valve_K_Raw,DB1.DBW266,int,2,
EC_Trim_Band,DB1.DBD270,real,4,
pH_Trim_Band,DB1.DBD274,real,4,
Manual_Mode,DB1.DBX278.0,bool,1,0
Auto_Mode,DB1.DBX278.1,bool,1,1
Emergency_Stop,DB1.DBX278.2,bool,1,2
Manual_Active,DB1.DBX278.3,bool,1,3
Auto_Active,DB1.DBX278.4,bool,1,4
Manual_q_f_Set,DB1.DBD280,real,4,
Manual_q_a_Set,DB1.DBD284,real,4,
Manual_q_n_Set,DB1.DBD288,real,4,
Manual_q_p_Set,DB1.DBD292,real,4,
Manual_q_k_Set,DB1.DBD296,real,4,
Comm_Normal,DB1.DBX300.0,bool,1,0
Manual_PumpValve_Enable,DB1.DBX300.1,bool,1,1
Manual_q_f_Selected,DB1.DBD304,real,4,
Manual_q_a_Selected,DB1.DBD308,real,4,
Kp_EC_Effective,DB1.DBD312,real,4,
Ki_EC_Effective,DB1.DBD316,real,4,
Kd_EC_Effective,DB1.DBD320,real,4,
Kp_pH_Effective,DB1.DBD324,real,4,
Ki_pH_Effective,DB1.DBD328,real,4,
Kd_pH_Effective,DB1.DBD332,real,4,
EC_PID_Error,DB1.DBD336,real,4,
pH_PID_Error,DB1.DBD340,real,4,
EC_PID_Integral,DB1.DBD344,real,4,
pH_PID_Integral,DB1.DBD348,real,4,
q_f_Feedforward,DB1.DBD352,real,4,
q_f_PID_Correction,DB1.DBD356,real,4,
q_a_Feedforward,DB1.DBD360,real,4,
q_a_PID_Correction,DB1.DBD364,real,4,
N_Error,DB1.DBD368,real,4,
P_Error,DB1.DBD372,real,4,
K_Error,DB1.DBD376,real,4,
N_PID_Correction,DB1.DBD380,real,4,
P_PID_Correction,DB1.DBD384,real,4,
K_PID_Correction,DB1.DBD388,real,4,
NPK_Optimization_Weight,DB1.DBD392,real,4,
NPK_Feedback_Valid,DB1.DBX396.0,bool,1,0
NPK_Capacity_Limited,DB1.DBX396.1,bool,1,1
Compressed_HIL_Enable,DB1.DBX396.2,bool,1,2
Feedforward_Hold_Active,DB1.DBX396.3,bool,1,3
Adaptive_PID_Active,DB1.DBX396.4,bool,1,4
Fixed_PID_Test_Enable,DB1.DBX396.5,bool,1,5
Water_Enable,DB1.DBD400,real,4,
Qw_Set,DB1.DBD404,real,4,
Qw_Actual,DB1.DBD408,real,4,
Pressure_Set,DB1.DBD412,real,4,
Pressure_Actual,DB1.DBD416,real,4,
Water_Volume_SP,DB1.DBD420,real,4,
Water_Volume_Actual,DB1.DBD424,real,4,
Water_Pump_Speed_CMD,DB1.DBD428,real,4,
Water_Pump_Speed_Actual,DB1.DBD432,real,4,
Water_Pump_Run_CMD,DB1.DBX436.0,bool,1,0
Water_Pump_Running,DB1.DBX436.1,bool,1,1
Water_Pump_Ready,DB1.DBX436.2,bool,1,2
Water_Pump_Fault,DB1.DBX436.3,bool,1,3
Water_Flow_OK,DB1.DBX436.4,bool,1,4
Water_Volume_Complete,DB1.DBX436.5,bool,1,5
AQ_Water_Pump_Raw,DB1.DBW438,int,2,
Water_Control_Mode,DB1.DBW440,int,2,
Water_Pump_Alarm,DB1.DBX442.0,bool,1,0
Water_Pump_Run_Feedback,DB1.DBX442.1,bool,1,1
Water_Pump_Drive_Ready,DB1.DBX442.2,bool,1,2
Water_Pump_Drive_Fault,DB1.DBX442.3,bool,1,3
Water_Source_Low_Level,DB1.DBX442.4,bool,1,4
Water_Pump_Reset,DB1.DBX442.5,bool,1,5
Pre_Flush_Ratio,DB1.DBD444,real,4,
Post_Flush_Ratio,DB1.DBD448,real,4,
Pre_Flush_Volume,DB1.DBD452,real,4,
Fertigation_End_Volume,DB1.DBD456,real,4,
Water_Batch_Phase,DB1.DBW460,int,2,
Batch_Fertigation_Active,DB1.DBX462.0,bool,1,0
Water_Batch_Active,DB1.DBX462.1,bool,1,1
G_EC_F,DB1.DBD464,real,4,
G_EC_A,DB1.DBD468,real,4,
G_pH_F,DB1.DBD472,real,4,
G_pH_A,DB1.DBD476,real,4,
Decoupler_Weight,DB1.DBD480,real,4,
Decoupler_Regularization,DB1.DBD484,real,4,
Mixing_Delay_s,DB1.DBD488,real,4,
Decoupler_Determinant_Min,DB1.DBD492,real,4,
q_f_min,DB1.DBD496,real,4,
q_f_max,DB1.DBD500,real,4,
q_a_min,DB1.DBD504,real,4,
q_a_max,DB1.DBD508,real,4,
Decoupler_Enable,DB1.DBX512.0,bool,1,0
Decoupler_Valid,DB1.DBX512.1,bool,1,1
Decoupler_Determinant,DB1.DBD516,real,4,
Delta_q_f,DB1.DBD520,real,4,
Delta_q_a,DB1.DBD524,real,4,
System_Alarm_Reset,DB1.DBX528.0,bool,1,0
Actuator_Execution_Enable,DB1.DBX529.0,bool,1,0
Actuator_Any_Alarm,DB1.DBX529.1,bool,1,1
Actuator_Any_Trip,DB1.DBX529.2,bool,1,2
Water_Multiplier_SP,DB1.DBD532,real,4,
EC_Residual_SP,DB1.DBD536,real,4,
pH_Band_Low,DB1.DBD540,real,4,
pH_Band_High,DB1.DBD544,real,4,
Recipe_ID,DB1.DBW548,int,2,
Controller_Mode,DB1.DBW550,int,2,
Batch_Water_Target_L,DB1.DBD552,real,4,
Water_Accumulated_L,DB1.DBD556,real,4,
Fertilizer_Accumulated_L,DB1.DBD560,real,4,
Acid_Accumulated_L,DB1.DBD564,real,4,
IMC_Lambda_EC_s,DB1.DBD568,real,4,
IMC_Lambda_pH_s,DB1.DBD572,real,4,
IMC_Tau_EC_s,DB1.DBD576,real,4,
IMC_Tau_pH_s,DB1.DBD580,real,4,
IMC_Delay_s,DB1.DBD584,real,4,
pH_Pulse_On_s,DB1.DBD588,real,4,
pH_Pulse_Off_s,DB1.DBD592,real,4,
pH_Safety_Active,DB1.DBX596.0,bool,1,0
pH_Flush_Request,DB1.DBX596.1,bool,1,1
Batch_Reject,DB1.DBX596.2,bool,1,2
IMC_Smith_Active,DB1.DBX596.3,bool,1,3
Smith_EC_Predicted,DB1.DBD600,real,4,
Gain_Low_G_EC_F,DB1.DBD604,real,4,
Gain_Low_G_EC_A,DB1.DBD608,real,4,
Gain_Low_G_pH_F,DB1.DBD612,real,4,
Gain_Low_G_pH_A,DB1.DBD616,real,4,
Gain_Low_Tau_s,DB1.DBD620,real,4,
Gain_Low_Delay_s,DB1.DBD624,real,4,
Gain_Low_q_f,DB1.DBD628,real,4,
Gain_Low_Valid,DB1.DBX632.0,bool,1,0
Gain_Mid_G_EC_F,DB1.DBD636,real,4,
Gain_Mid_G_EC_A,DB1.DBD640,real,4,
Gain_Mid_G_pH_F,DB1.DBD644,real,4,
Gain_Mid_G_pH_A,DB1.DBD648,real,4,
Gain_Mid_Tau_s,DB1.DBD652,real,4,
Gain_Mid_Delay_s,DB1.DBD656,real,4,
Gain_Mid_q_f,DB1.DBD660,real,4,
Gain_Mid_Valid,DB1.DBX664.0,bool,1,0
Gain_High_G_EC_F,DB1.DBD668,real,4,
Gain_High_G_EC_A,DB1.DBD672,real,4,
Gain_High_G_pH_F,DB1.DBD676,real,4,
Gain_High_G_pH_A,DB1.DBD680,real,4,
Gain_High_Tau_s,DB1.DBD684,real,4,
Gain_High_Delay_s,DB1.DBD688,real,4,
Gain_High_q_f,DB1.DBD692,real,4,
Gain_High_Valid,DB1.DBX696.0,bool,1,0
Gain_LM_Threshold,DB1.DBD700,real,4,
Gain_MH_Threshold,DB1.DBD704,real,4,
Gain_Schedule_Hysteresis,DB1.DBD708,real,4,
Gain_Min_Hold_s,DB1.DBD712,real,4,
pH_Pulse_Flow,DB1.DBD716,real,4,
E3_Parameter_Version,DB1.DBW720,int,2,
Active_Gain_Point,DB1.DBW722,int,2,
E4_Approved,DB1.DBX724.0,bool,1,0
Gain_Schedule_Enable,DB1.DBX724.1,bool,1,1
Gain_Schedule_Valid,DB1.DBX724.2,bool,1,2
Decoupling_Limited,DB1.DBX724.3,bool,1,3
E4_Test_Enable,DB1.DBX724.4,bool,1,4
Gain_Switch_Pending,DB1.DBX724.5,bool,1,5
Decoupler_Active_Diag,DB1.DBX724.6,bool,1,6
E4_Compressed_Time_Enable,DB1.DBX724.7,bool,1,7
Decoupler_Weight_Applied,DB1.DBD728,real,4,
Gain_Hold_Elapsed_s,DB1.DBD732,real,4,
Gain_Point_Override,DB1.DBW736,int,2,
Gain_Low_EC_SP,DB1.DBD740,real,4,
Gain_Mid_EC_SP,DB1.DBD744,real,4,
Gain_High_EC_SP,DB1.DBD748,real,4,
Active_Gain_EC_SP,DB1.DBD752,real,4,
Active_Gain_q_f,DB1.DBD756,real,4,
E4_Sim_Step_s,DB1.DBD760,real,4,
Deployment_Mode,DB1.DBW764,int,2,
Soft_Stop_Request,DB1.DBX766.0,bool,1,0
Actuator_Enable_Request,DB1.DBX766.1,bool,1,1
Field_IO_Ready,DB1.DBX766.2,bool,1,2
Actuator_Enable_Permitted,DB1.DBX766.3,bool,1,3
Physical_EStop_OK,DB1.DBX766.4,bool,1,4
Sensor_Fault_Any,DB1.DBX766.5,bool,1,5
Drive_Fault_Any,DB1.DBX766.6,bool,1,6
